{
  "npmScope": "yash",
  "affected": {
    "defaultBase": "master"
  },
  "implicitDependencies": {
    "workspace.json": "*",
    "package.json": {
      "dependencies": "*",
      "devDependencies": "*"
    },
    "tsconfig.json": "*",
    "tslint.json": "*",
    "nx.json": "*"
  },
  "tasksRunnerOptions": {
    "default": {
      "runner": "@nrwl/workspace/tasks-runners/default",
      "options": {
        "cacheableOperations": ["build", "lint", "test", "e2e"]
      }
    }
  },
  "projects": {
    "apps-admin": {
      "tags": []
    },
    "apps-admin-e2e": {
      "tags": [],
      "implicitDependencies": ["apps-admin"]
    },
    "users": {
      "tags": []
    },
    "users-e2e": {
      "tags": [],
      "implicitDependencies": ["users"]
    },
    "shared-components": {
      "tags": []
    }
  }
}
