{
  "version": 1,
  "projects": {
    "apps-admin": {
      "projectType": "application",
      "schematics": {
        "@nrwl/angular:component": {
          "style": "scss"
        }
      },
      "root": "apps/admin",
      "sourceRoot": "apps/admin/src",
      "prefix": "yash",
      "architect": {
        "build": {
          "builder": "@angular-devkit/build-angular:browser",
          "options": {
            "outputPath": "dist/apps/admin",
            "index": "apps/admin/src/index.html",
            "main": "apps/admin/src/main.ts",
            "polyfills": "apps/admin/src/polyfills.ts",
            "tsConfig": "apps/admin/tsconfig.app.json",
            "aot": true,
            "assets": ["apps/admin/src/favicon.ico", "apps/admin/src/assets"],
            "styles": ["apps/admin/src/styles.scss"],
            "scripts": []
          },
          "configurations": {
            "production": {
              "fileReplacements": [
                {
                  "replace": "apps/admin/src/environments/environment.ts",
                  "with": "apps/admin/src/environments/environment.prod.ts"
                }
              ],
              "optimization": true,
              "outputHashing": "all",
              "sourceMap": false,
              "extractCss": true,
              "namedChunks": false,
              "extractLicenses": true,
              "vendorChunk": false,
              "buildOptimizer": true,
              "budgets": [
                {
                  "type": "initial",
                  "maximumWarning": "2mb",
                  "maximumError": "5mb"
                },
                {
                  "type": "anyComponentStyle",
                  "maximumWarning": "6kb",
                  "maximumError": "10kb"
                }
              ]
            }
          }
        },
        "serve": {
          "builder": "@angular-devkit/build-angular:dev-server",
          "options": {
            "browserTarget": "apps-admin:build"
          },
          "configurations": {
            "production": {
              "browserTarget": "apps-admin:build:production"
            }
          }
        },
        "extract-i18n": {
          "builder": "@angular-devkit/build-angular:extract-i18n",
          "options": {
            "browserTarget": "apps-admin:build"
          }
        },
        "lint": {
          "builder": "@angular-devkit/build-angular:tslint",
          "options": {
            "tsConfig": [
              "apps/admin/tsconfig.app.json",
              "apps/admin/tsconfig.spec.json"
            ],
            "exclude": ["**/node_modules/**", "!apps/admin/**/*"]
          }
        },
        "test": {
          "builder": "@angular-devkit/build-angular:karma",
          "options": {
            "main": "apps/admin/src/test.ts",
            "tsConfig": "apps/admin/tsconfig.spec.json",
            "karmaConfig": "apps/admin/karma.conf.js",
            "polyfills": "apps/admin/src/polyfills.ts",
            "styles": [],
            "scripts": [],
            "assets": []
          }
        }
      }
    },
    "apps-admin-e2e": {
      "root": "apps/admin-e2e",
      "projectType": "application",
      "architect": {
        "e2e": {
          "builder": "@angular-devkit/build-angular:protractor",
          "options": {
            "protractorConfig": "apps/admin-e2e/protractor.conf.js",
            "devServerTarget": "apps-admin:serve"
          },
          "configurations": {
            "production": {
              "devServerTarget": "apps-admin:serve:production"
            }
          }
        },
        "lint": {
          "builder": "@angular-devkit/build-angular:tslint",
          "options": {
            "tsConfig": "apps/admin-e2e/tsconfig.e2e.json",
            "exclude": ["**/node_modules/**", "!apps/admin-e2e/**/*"]
          }
        }
      }
    },
    "users": {
      "projectType": "application",
      "schematics": {
        "@nrwl/angular:component": {
          "style": "scss"
        }
      },
      "root": "apps/users",
      "sourceRoot": "apps/users/src",
      "prefix": "yash",
      "architect": {
        "build": {
          "builder": "@angular-devkit/build-angular:browser",
          "options": {
            "outputPath": "dist/apps/users",
            "index": "apps/users/src/index.html",
            "main": "apps/users/src/main.ts",
            "polyfills": "apps/users/src/polyfills.ts",
            "tsConfig": "apps/users/tsconfig.app.json",
            "aot": true,
            "assets": ["apps/users/src/favicon.ico", "apps/users/src/assets"],
            "styles": ["apps/users/src/styles.scss"],
            "scripts": []
          },
          "configurations": {
            "production": {
              "fileReplacements": [
                {
                  "replace": "apps/users/src/environments/environment.ts",
                  "with": "apps/users/src/environments/environment.prod.ts"
                }
              ],
              "optimization": true,
              "outputHashing": "all",
              "sourceMap": false,
              "extractCss": true,
              "namedChunks": false,
              "extractLicenses": true,
              "vendorChunk": false,
              "buildOptimizer": true,
              "budgets": [
                {
                  "type": "initial",
                  "maximumWarning": "2mb",
                  "maximumError": "5mb"
                },
                {
                  "type": "anyComponentStyle",
                  "maximumWarning": "6kb",
                  "maximumError": "10kb"
                }
              ]
            }
          }
        },
        "serve": {
          "builder": "@angular-devkit/build-angular:dev-server",
          "options": {
            "browserTarget": "users:build"
          },
          "configurations": {
            "production": {
              "browserTarget": "users:build:production"
            }
          }
        },
        "extract-i18n": {
          "builder": "@angular-devkit/build-angular:extract-i18n",
          "options": {
            "browserTarget": "users:build"
          }
        },
        "lint": {
          "builder": "@angular-devkit/build-angular:tslint",
          "options": {
            "tsConfig": [
              "apps/users/tsconfig.app.json",
              "apps/users/tsconfig.spec.json"
            ],
            "exclude": ["**/node_modules/**", "!apps/users/**/*"]
          }
        },
        "test": {
          "builder": "@angular-devkit/build-angular:karma",
          "options": {
            "main": "apps/users/src/test.ts",
            "tsConfig": "apps/users/tsconfig.spec.json",
            "karmaConfig": "apps/users/karma.conf.js",
            "polyfills": "apps/users/src/polyfills.ts",
            "styles": [],
            "scripts": [],
            "assets": []
          }
        }
      }
    },
    "users-e2e": {
      "root": "apps/users-e2e",
      "projectType": "application",
      "architect": {
        "e2e": {
          "builder": "@angular-devkit/build-angular:protractor",
          "options": {
            "protractorConfig": "apps/users-e2e/protractor.conf.js",
            "devServerTarget": "users:serve"
          },
          "configurations": {
            "production": {
              "devServerTarget": "users:serve:production"
            }
          }
        },
        "lint": {
          "builder": "@angular-devkit/build-angular:tslint",
          "options": {
            "tsConfig": "apps/users-e2e/tsconfig.e2e.json",
            "exclude": ["**/node_modules/**", "!apps/users-e2e/**/*"]
          }
        }
      }
    },
    "shared-components": {
      "projectType": "library",
      "root": "libs/shared-components",
      "sourceRoot": "libs/shared-components/src",
      "prefix": "yash",
      "architect": {
        "lint": {
          "builder": "@angular-devkit/build-angular:tslint",
          "options": {
            "tsConfig": [
              "libs/shared-components/tsconfig.lib.json",
              "libs/shared-components/tsconfig.spec.json"
            ],
            "exclude": ["**/node_modules/**", "!libs/shared-components/**/*"]
          }
        },
        "test": {
          "builder": "@angular-devkit/build-angular:karma",
          "options": {
            "main": "libs/shared-components/src/test.ts",
            "tsConfig": "libs/shared-components/tsconfig.spec.json",
            "karmaConfig": "libs/shared-components/karma.conf.js"
          }
        }
      },
      "schematics": {
        "@nrwl/angular:component": {
          "style": "scss"
        }
      }
    }
  },
  "cli": {
    "defaultCollection": "@nrwl/angular"
  },
  "schematics": {
    "@nrwl/workspace": {
      "library": {
        "linter": "eslint"
      }
    },
    "@nrwl/cypress": {
      "cypress-project": {
        "linter": "eslint"
      }
    },
    "@nrwl/react": {
      "application": {
        "linter": "eslint"
      },
      "library": {
        "linter": "eslint"
      },
      "storybook-configuration": {
        "linter": "eslint"
      }
    },
    "@nrwl/next": {
      "application": {
        "linter": "eslint"
      }
    },
    "@nrwl/web": {
      "application": {
        "linter": "eslint"
      }
    },
    "@nrwl/node": {
      "application": {
        "linter": "eslint"
      },
      "library": {
        "linter": "eslint"
      }
    },
    "@nrwl/nx-plugin": {
      "plugin": {
        "linter": "eslint"
      }
    },
    "@nrwl/nest": {
      "application": {
        "linter": "eslint"
      }
    },
    "@nrwl/express": {
      "application": {
        "linter": "eslint"
      },
      "library": {
        "linter": "eslint"
      }
    },
    "@nrwl/angular:application": {
      "unitTestRunner": "karma",
      "e2eTestRunner": "protractor"
    },
    "@nrwl/angular:library": {
      "unitTestRunner": "karma"
    }
  },
  "defaultProject": "apps-admin"
}
